Unnamed: 0,num_rooms,num_people,housearea,is_ac,is_tv,is_flat,ave_monthly_income,num_children,is_urban,amount_paid
0,3,3,742.57,1,1,1,9675.93,2,urban,560.4814469
1,1,5,952.99,0,1,0,35064.79,1,rural,633.2836786
2,3,1,761.44,1,1,1,22292.44,0,urban,511.8791568
3,0,5,861.32,1,1,0,12139.08,0,urban,332.9920353
4,1,8,731.61,0,1,0,17230.1,2,rural,658.285625
5,0,5,837.24,0,1,1,24661.81,2,rural,793.2423456
6,4,5,679.04,0,1,0,28184.43,1,rural,570.3828451
7,3,4,1044.65,0,0,1,16912.69,2,rural,585.4051997
8,2,4,713.9,1,0,0,26058.28,0,rural,653.2008685
9,1,6,734.43,0,0,0,22545.5,2,rural,606.015138
10,2,6,742.69,0,1,0,15670.76,0,urban,222.7345416
11,1,6,924.04,1,1,0,22527.33,0,rural,606.1839763
12,0,3,776.62,0,1,0,32341.3,0,rural,528.2784474
13,2,4,990.59,0,1,1,13084.35,0,rural,622.3819174
14,2,7,870.61,0,1,0,31430.75,1,rural,756.6516959
15,1,5,747.02,0,1,0,28595.98,0,rural,471.1284367
16,3,5,699.01,0,0,1,44997.0,3,urban,458.8428794
17,2,8,932.84,1,1,0,30009.93,1,rural,818.1268647
18,4,4,573.69,0,1,0,32902.39,1,urban,355.4343346
19,3,1,901.33,0,1,1,27090.16,2,rural,707.9660271
20,1,6,902.07,1,1,0,11306.32,1,urban,583.5433244
21,3,4,686.59,0,1,1,36352.99,1,rural,579.6585178
22,1,4,860.28,0,0,0,7792.07,0,rural,529.6833919
23,1,7,859.83,0,1,1,42003.43,1,rural,763.9111317
24,2,6,773.65,0,1,0,30764.16,2,rural,695.0368687
25,2,7,808.93,0,1,1,26083.57,1,rural,605.607782
26,3,2,890.69,1,1,1,17349.88,4,rural,994.6565775
27,1,1,765.32,0,1,1,8315.34,0,rural,535.7010785
28,1,2,657.97,1,1,0,28148.91,1,rural,711.3453733
29,2,7,816.77,0,1,1,16817.74,1,rural,703.4094805
30,3,5,988.62,0,1,0,30021.55,3,rural,731.2151799
31,1,4,733.55,0,1,1,14935.76,2,rural,746.0997602
32,3,6,682.75,0,1,1,14898.26,1,rural,601.4020142
33,0,9,1009.31,1,1,0,26697.92,2,urban,715.5738462
34,2,7,764.79,1,1,1,26101.9,0,rural,782.140521
35,2,6,643.52,0,1,0,5829.41,1,rural,534.364255
36,2,5,554.38,0,0,1,28399.11,0,urban,312.5746088
37,3,5,823.05,0,1,0,32656.32,0,rural,611.881149
38,1,4,640.25,0,1,0,20463.3,0,rural,552.347876
39,4,5,689.76,1,0,0,26291.15,0,urban,349.6027282
40,2,5,813.69,0,1,1,23541.2,1,rural,612.597427
41,1,3,821.69,1,1,0,16745.65,1,rural,737.1308417
42,3,3,664.68,1,0,1,32740.89,2,rural,873.6665321
43,2,3,1054.58,1,1,1,21255.23,0,rural,696.3223547
44,2,0,1042.81,0,0,1,39314.16,0,urban,238.9001909
45,3,5,929.46,0,1,1,16106.32,1,rural,592.0867337
46,1,4,673.08,1,0,1,14214.36,2,urban,658.0727505
47,1,5,713.62,0,1,1,36298.72,1,rural,694.1850442
48,2,5,704.72,1,1,1,31749.91,2,rural,926.2187523
49,1,4,794.74,0,0,0,6364.43,1,rural,622.8890891
50,2,4,829.78,1,1,1,19835.2,2,rural,1010.938058
51,1,4,953.19,1,1,1,39489.23,1,rural,815.613587
52,1,5,585.55,0,0,1,20797.91,3,urban,565.2021559
53,5,6,633.97,1,0,1,28202.39,0,urban,447.529972
54,3,5,820.54,0,1,0,22586.51,0,rural,579.811638
55,3,3,750.39,0,1,0,18681.58,3,urban,564.8511814
56,2,2,672.37,1,1,1,19403.1,1,rural,803.3617544
57,2,4,685.43,0,1,0,34816.79,0,rural,453.9486956
58,3,2,662.29,0,1,0,36722.54,2,urban,428.0121685
59,1,6,725.53,0,1,0,25109.88,3,urban,559.7427587
60,1,0,878.69,0,1,1,15569.46,2,rural,821.6441918
61,3,7,898.5,1,1,0,36884.89,2,rural,976.8192519
62,3,7,893.27,0,1,0,16860.46,1,rural,692.4273097
63,3,7,533.3,0,1,1,27626.36,0,rural,657.3938401
64,1,8,518.49,1,1,0,30763.52,0,rural,676.1190816
65,3,7,794.89,1,1,0,35189.49,2,urban,670.8193916
66,2,8,711.53,0,0,0,37215.47,1,urban,307.582511
67,2,6,1010.55,0,1,0,27689.47,1,urban,440.5656881
68,4,4,845.12,0,1,0,12264.5,1,rural,564.655552
69,1,7,714.65,1,1,0,24488.96,1,urban,567.2766771
70,1,5,704.64,0,1,1,31282.86,0,rural,626.4506534
71,2,2,690.69,0,1,1,14905.48,0,rural,664.9073389
72,1,2,704.75,0,1,1,46993.0,0,urban,390.598628
73,2,4,873.04,1,1,0,22599.47,1,urban,525.5660584
74,1,4,862.83,0,1,1,14622.24,2,rural,654.9969378
75,4,6,534.35,0,1,1,45379.66,0,rural,633.9372718
76,2,5,666.23,0,1,0,25393.47,1,urban,328.825046
77,3,8,780.66,1,0,1,28477.29,1,rural,727.4280326
78,2,6,700.32,1,1,0,17418.74,2,rural,806.5937005
79,2,6,388.17,0,1,1,9736.98,1,rural,690.6665444
80,3,6,637.24,1,1,1,35536.9,0,urban,397.6351074
81,2,3,868.51,0,1,0,30102.18,0,rural,620.1505838
82,2,5,956.49,1,1,1,30233.2,1,urban,640.7265185
83,3,8,613.67,0,1,0,21489.89,0,urban,273.5962329
84,2,5,556.77,0,1,1,33455.61,0,urban,433.1814116
85,1,4,719.97,0,1,1,22954.06,0,rural,553.3296824
86,1,4,722.55,1,0,1,49903.47,0,urban,506.9184632
87,2,6,755.85,1,0,0,28414.45,2,rural,762.1161771
88,2,4,912.5,1,1,0,29492.59,0,urban,547.5001535
89,2,8,592.68,1,1,1,20542.24,1,rural,780.4230187
90,-1,5,697.17,0,1,1,17804.39,2,rural,817.5148774
91,2,4,631.85,1,1,0,29206.67,0,urban,445.7234847
92,3,7,627.3,0,1,0,32568.9,0,rural,488.9383085
93,2,5,686.0,0,1,0,12090.35,2,rural,762.7457624
94,4,2,755.81,1,1,0,34541.06,2,urban,702.2583676
95,3,2,875.98,0,1,0,24849.38,2,urban,534.6117635
96,1,5,729.06,1,1,0,22456.58,1,rural,848.0907729
97,2,3,698.35,0,0,0,37442.86,2,urban,302.4912074
98,2,5,621.6,1,1,0,27571.38,1,urban,421.1591555
99,3,9,1123.53,0,1,1,33964.42,0,rural,559.968969
100,3,5,486.17,0,1,0,18879.68,0,urban,198.5154603
101,3,10,810.5,0,1,1,39304.91,1,rural,815.3694045
102,2,6,750.76,1,1,0,26952.99,2,rural,789.5914601
103,2,4,1000.26,1,1,1,18076.23,0,urban,424.9164636
104,0,8,758.0,1,1,0,24767.0,0,urban,439.7280884
105,2,3,700.37,0,1,1,14199.3,3,rural,836.6893793
106,3,5,674.38,0,1,0,14925.92,0,rural,491.2202209
107,2,4,1021.58,0,1,1,36811.24,2,urban,425.0775644
108,3,4,773.05,0,1,0,20515.14,0,rural,451.3722352
109,2,8,969.13,1,1,0,10539.88,1,urban,439.6013586
110,1,7,580.33,0,1,0,30949.12,1,urban,472.0017023
111,1,4,751.24,0,1,1,24104.97,2,rural,835.1975354
112,1,9,835.06,0,1,1,27876.39,2,rural,755.5377839
113,1,2,984.48,1,1,1,29999.75,2,rural,840.2709695
114,1,6,900.96,0,1,0,12476.47,1,rural,653.6549818
115,2,4,701.95,0,1,1,31473.06,2,rural,828.2807862
116,1,6,719.2,0,1,0,31574.87,1,rural,541.8547912
117,2,4,742.02,1,1,0,28730.32,1,urban,603.3643827
118,2,3,776.74,1,1,1,28498.21,1,rural,844.0376613
119,3,2,651.79,0,1,0,31858.78,0,rural,510.4280629
120,2,6,824.89,1,1,1,22751.5,0,rural,669.3708527
121,-1,2,638.39,0,1,0,26305.76,2,rural,675.4832544
122,2,5,1076.14,0,1,1,34651.95,2,urban,558.4210491
123,3,7,579.55,1,1,1,23892.45,0,urban,457.7362956
124,2,4,777.33,0,1,0,20522.84,1,rural,704.3168173
125,2,0,549.85,0,0,0,23928.25,2,rural,611.2579713
126,1,6,764.09,1,0,1,18017.78,2,urban,605.2541021
127,2,6,879.51,1,1,1,22013.63,0,urban,422.5633362
128,2,6,671.88,0,0,1,14134.17,1,rural,563.5413893
129,2,7,887.91,1,1,0,20988.27,0,rural,724.8519505
130,3,4,699.8,0,1,1,12241.93,0,rural,493.2565674
131,1,6,850.87,1,1,0,3776.08,0,rural,652.293855
132,1,11,946.74,0,1,1,28819.03,2,rural,730.0905088
133,3,7,549.72,0,1,1,41533.34,1,urban,556.8264404
134,0,5,755.03,0,1,0,19693.19,1,urban,261.9466408
135,2,6,828.63,1,1,1,10699.02,2,rural,836.41467
136,1,5,323.95,0,1,0,26295.5,1,rural,505.4436476
137,3,6,683.29,0,1,1,23182.8,1,urban,507.9912064
138,2,5,557.23,0,0,0,19273.03,0,urban,197.0671145
139,2,4,683.02,1,1,1,29193.07,1,urban,606.133103
140,4,4,840.2,1,1,0,33580.57,0,rural,653.2507522
141,1,8,970.75,0,1,0,32285.37,0,urban,367.968041
142,3,2,929.79,1,0,1,24110.05,2,urban,654.9929598
143,1,5,692.13,0,1,0,26348.19,2,urban,490.1176933
144,1,1,878.83,0,1,0,34531.17,1,urban,371.7114552
145,3,7,572.78,1,1,1,34099.98,1,urban,513.9281277
146,2,4,840.06,0,1,1,20857.83,2,rural,779.8590201
147,2,2,765.99,0,1,0,21128.67,2,urban,470.4746362
148,2,6,627.91,1,1,1,21104.1,3,urban,823.628494
149,3,6,884.14,1,1,1,25621.9,0,urban,613.4892019
150,3,6,776.99,1,1,0,15962.89,1,urban,517.2493253
151,2,8,567.36,1,1,1,12522.58,1,rural,896.6508247
152,1,5,870.71,0,1,1,29910.62,3,rural,812.1212149
153,2,4,1177.7,1,1,1,19366.43,3,rural,984.2688434
154,1,5,950.5,0,1,1,15450.66,0,urban,414.7156609
155,1,2,817.61,0,1,0,38734.51,1,rural,622.0495954
156,1,7,658.86,0,1,1,35701.06,1,urban,534.1766167
157,3,7,764.33,0,1,1,31872.19,2,urban,570.4230146
158,3,2,1005.38,1,1,1,33346.93,1,rural,754.6272794
159,1,3,968.28,0,1,0,32258.4,2,rural,815.0588563
160,2,3,800.96,0,1,0,30971.97,2,urban,455.3476047
161,2,3,564.17,1,1,1,16354.79,0,rural,610.0848676
162,1,5,752.39,0,1,1,35560.75,1,rural,589.4441598
163,2,4,771.59,0,1,1,25489.96,1,rural,601.7710286
164,2,4,1069.32,0,1,0,12435.65,1,rural,686.7638017
165,3,5,836.5,0,1,1,28629.77,2,rural,862.2175725
166,3,5,934.82,0,1,0,24210.55,0,rural,593.7690527
167,2,3,760.75,0,1,0,32129.77,3,urban,545.6086013
168,1,7,665.07,0,1,0,42115.1,1,rural,576.2863923
169,1,4,704.72,0,0,0,20191.55,1,rural,500.8210966
170,4,-1,1058.32,1,0,0,17182.76,4,urban,598.9381838
171,2,4,883.45,0,0,0,22813.35,2,urban,372.4437758
172,1,6,626.75,0,1,0,31028.6,3,urban,457.7769971
173,2,5,635.28,0,1,0,32315.58,1,rural,567.3438377
174,1,5,574.3,0,1,0,11962.93,0,rural,429.2638457
175,1,3,813.06,1,1,1,31780.33,2,rural,908.841547
176,2,7,911.98,0,1,0,26336.01,2,rural,794.8439016
177,2,4,880.15,0,1,0,22242.58,2,rural,616.882502
178,2,7,931.86,0,1,0,24697.02,0,rural,575.1968352
179,2,6,809.69,0,1,0,18617.69,1,urban,311.4161298
180,2,3,786.46,0,1,0,31008.24,3,urban,467.478603
181,-1,8,801.48,1,1,0,22003.44,2,rural,960.3130864
182,1,4,748.04,1,1,1,16081.34,0,urban,382.0630621
183,1,5,670.5,1,0,1,-1013.85,2,urban,528.6530379
184,2,6,548.96,0,1,0,31400.35,2,urban,485.7386496
185,2,5,569.94,0,0,1,19983.43,1,rural,562.9551679
186,2,3,731.05,0,1,1,21571.95,1,urban,479.555862
187,1,4,1035.94,1,1,0,38030.46,1,rural,821.6955521
188,1,1,799.66,0,0,0,21299.68,1,urban,277.1831966
189,2,5,843.85,0,1,0,19607.07,0,urban,306.9960988
190,2,6,928.7,0,1,1,31689.0,1,rural,792.8161884
191,2,9,856.5,0,1,0,18043.09,1,rural,539.6381853
192,1,5,767.79,0,1,0,28953.16,0,urban,183.4503234
193,2,7,996.66,1,1,0,30070.15,0,rural,618.7511794
194,4,8,795.46,1,0,0,26405.81,1,rural,769.1072468
195,4,9,678.47,0,0,0,30465.27,2,rural,706.8992695
196,2,8,861.31,1,1,0,24174.71,1,urban,640.1846499
197,3,5,819.68,1,0,0,10547.98,0,rural,586.1330574
198,0,3,766.53,0,1,1,25372.96,1,urban,300.4399838
199,4,2,834.13,1,1,0,32820.26,0,urban,453.0959102
200,3,0,618.91,1,1,0,19943.2,0,rural,709.0744227
201,1,4,942.95,0,0,0,23348.8,1,rural,650.9153023
202,1,6,1002.71,0,1,1,26478.15,2,urban,420.8366003
203,2,8,834.85,0,1,1,16956.43,0,urban,302.893914
204,2,7,868.06,1,0,0,26477.51,0,rural,551.787806
205,1,5,684.37,1,0,1,33920.09,0,rural,570.8432625
206,1,4,691.12,1,1,0,47090.5,0,rural,698.066295
207,4,4,801.12,0,1,0,11182.68,2,rural,606.3941555
208,2,7,825.89,0,1,0,35389.76,0,rural,535.0685342
209,0,5,606.3,1,1,1,23623.36,1,urban,558.7426381
210,2,7,1046.44,0,1,1,28452.41,1,rural,630.6312016
211,1,3,550.83,0,1,0,27439.6,2,rural,586.4738462
212,2,2,670.35,0,1,1,16868.7,2,rural,669.0412069
213,2,3,800.93,1,1,1,26743.0,0,rural,746.518128
214,2,6,881.87,1,1,0,8927.86,0,rural,720.1093318
215,3,5,772.83,0,1,1,31214.57,0,rural,658.2630834
216,1,3,730.49,0,0,0,29719.32,1,rural,549.545373
217,0,4,844.57,1,1,0,26500.91,1,rural,880.8234158
218,4,2,737.62,1,1,1,35443.13,3,rural,1018.807208
219,2,6,643.98,0,0,1,20385.97,0,rural,457.5240621
220,1,5,587.1,0,0,1,12899.98,1,rural,531.2852754
221,3,9,681.31,0,0,1,36553.92,1,urban,363.393724
222,0,4,857.96,0,1,0,13955.21,0,urban,300.1616797
223,3,6,792.56,0,1,0,23087.74,2,rural,812.8427609
224,1,3,938.51,1,1,0,17284.03,2,urban,495.1024651
225,3,6,865.67,0,1,1,35757.27,0,urban,393.6225296
226,3,5,1087.35,0,1,0,38651.2,1,rural,662.5452582
227,3,8,669.97,0,1,0,22952.21,1,rural,553.4463821
228,1,5,635.28,0,1,1,21549.44,1,urban,481.9255305
229,1,4,608.51,0,1,0,34811.43,2,rural,776.9682302
230,2,9,937.63,0,1,1,10770.83,2,rural,836.0758367
231,2,5,904.92,1,1,0,5801.91,0,rural,710.6763872
232,1,7,788.73,0,1,1,15850.7,0,rural,676.9253264
233,2,1,939.97,0,0,1,27136.17,1,urban,387.3232973
234,1,6,895.91,0,0,0,18822.41,1,urban,222.2247631
235,2,4,690.85,1,1,1,10227.04,0,rural,813.9892299
236,1,5,888.32,0,1,1,36802.71,1,rural,603.1229602
237,2,4,549.95,0,1,0,34362.91,1,rural,605.9595005
238,0,5,1046.68,1,0,1,21197.44,1,rural,801.7182161
239,4,4,869.29,0,1,0,7682.1,1,rural,534.148012
240,3,3,927.71,0,1,1,28285.37,0,rural,581.3758404
241,2,3,1102.5,0,1,1,20783.2,1,urban,409.1240787
242,1,5,1031.06,1,1,0,38350.58,3,rural,1066.594425
243,3,3,769.77,0,1,0,15884.25,2,urban,536.8192042
244,1,5,658.94,0,1,1,28110.64,2,rural,818.8201127
245,3,4,660.55,0,1,1,43636.94,0,rural,616.4123284
246,2,7,664.49,1,1,0,33094.49,1,urban,590.0817935
247,1,6,701.3,0,1,0,37684.67,0,urban,250.9313184
248,2,5,963.07,0,1,0,44918.46,2,urban,494.0189081
249,3,5,993.23,0,1,0,31536.8,1,rural,752.0093749
250,2,7,974.28,1,0,1,9282.02,0,rural,630.8952742
251,2,3,731.11,0,1,1,20693.18,0,urban,245.2243408
252,4,1,862.33,0,1,0,20098.58,1,urban,272.8650264
253,1,2,708.64,1,1,0,34663.71,1,urban,562.0554916
254,1,5,612.54,0,0,1,20217.23,2,urban,442.1168544
255,1,7,840.81,0,0,0,30684.89,0,urban,226.4556426
256,1,2,680.57,1,1,1,4884.15,0,rural,617.8314193
257,2,8,790.51,1,1,0,24854.53,1,rural,905.4282995
258,0,6,979.89,1,1,0,14522.36,3,rural,914.6161758
259,2,4,972.95,0,1,1,34625.01,3,rural,829.2913526
260,3,2,676.98,0,1,0,22900.94,2,rural,711.565416
261,2,3,581.22,0,1,0,29023.85,1,rural,572.7088478
262,3,5,1166.71,1,1,1,13738.55,1,rural,926.7304853
263,2,2,924.17,0,1,0,16058.13,0,urban,279.7438394
264,2,4,996.35,1,1,1,37360.13,1,urban,571.2180811
265,3,6,1097.89,0,1,1,22277.67,2,rural,709.3098138
266,2,6,548.8,0,1,0,27080.23,2,urban,543.9354184
267,3,7,981.26,0,1,1,-526.54,3,rural,783.5255785
268,0,4,904.53,1,1,1,56531.08,0,urban,583.2398175
269,2,4,835.05,1,1,1,-90.52,0,rural,794.614
270,3,6,786.93,0,1,1,17196.35,0,rural,568.6786069
271,0,4,1185.36,0,1,1,28864.24,0,rural,662.1393949
272,2,4,534.15,1,1,0,24618.26,1,rural,682.4090632
273,2,6,700.94,1,1,0,18591.7,0,rural,679.1481048
274,2,6,662.82,0,1,1,20919.1,2,rural,656.4575669
275,2,7,860.15,0,1,0,39465.64,2,urban,509.0291588
276,4,7,709.59,0,1,1,18900.25,1,urban,350.8113244
277,0,9,843.85,0,0,1,22729.18,1,rural,577.2556066
278,1,6,948.47,0,1,0,25758.26,2,urban,474.1761551
279,2,6,750.79,0,1,1,22787.4,3,rural,888.2096974
280,3,3,571.3,0,1,0,27899.3,0,urban,294.6957175
281,3,5,942.5,1,0,1,15292.0,0,urban,400.7263335
282,2,1,560.7,1,1,0,26586.82,1,urban,456.862551
283,1,6,701.89,0,1,1,32896.78,0,urban,366.0123683
284,3,5,1074.9,0,0,1,26420.49,1,urban,309.3080252
285,1,7,892.85,0,1,1,15912.6,1,urban,373.8729471
286,1,8,848.04,0,1,1,18347.8,1,rural,696.6311855
287,2,4,749.44,0,1,1,21510.21,2,urban,483.1073489
288,3,7,754.59,1,1,0,30996.0,1,urban,522.8448179
289,1,4,821.37,0,0,1,14991.02,0,rural,463.5323308
290,3,7,916.95,0,1,1,19975.74,2,rural,782.7341353
291,2,6,898.26,1,1,1,15825.46,0,urban,524.5383396
292,2,5,593.12,1,1,1,25339.76,1,rural,780.9526325
293,3,2,752.36,0,1,1,9371.77,3,urban,609.0749818
294,1,3,757.73,1,1,0,22432.58,2,rural,915.4694544
295,4,8,635.78,0,1,1,24609.66,0,urban,432.3340355
296,3,6,676.79,0,0,1,21962.35,1,rural,583.2890522
297,3,7,827.01,0,1,1,26537.74,0,urban,432.2673572
298,2,7,606.43,1,1,0,16225.94,2,rural,850.4622698
299,0,1,557.07,1,1,1,7525.82,1,rural,800.1079434
300,1,4,942.08,0,1,1,27218.13,1,rural,616.0944936
301,1,6,833.6,0,1,0,28663.06,0,rural,547.9316486
302,2,8,813.67,1,1,1,15648.87,2,urban,621.6985441
303,2,6,361.13,0,0,1,28218.63,1,urban,441.8739292
304,2,5,711.94,0,1,1,19210.78,1,urban,418.5082516
305,1,7,696.3,0,1,0,30768.18,1,rural,532.4827927
306,2,6,599.88,0,1,1,24223.48,0,rural,494.1409317
307,1,7,661.46,0,1,1,31908.08,1,urban,444.270298
308,3,6,704.81,0,1,0,20227.31,0,urban,189.435056
309,2,4,828.85,0,1,0,-1048.77,2,urban,382.6288977
310,2,7,915.66,0,1,0,8824.44,0,rural,436.7547868
311,0,4,906.78,0,1,0,24609.42,2,rural,793.7354241
312,3,4,916.19,1,1,0,19258.73,2,rural,971.6818099
313,3,8,631.54,0,1,1,12107.02,1,rural,756.0872302
314,1,4,802.95,0,1,0,47110.28,1,urban,410.3066595
315,2,1,597.39,1,1,0,20184.42,1,rural,769.0576612
316,3,9,744.67,1,1,1,26095.19,1,rural,788.4536996
317,0,2,840.99,1,1,1,26297.68,2,urban,663.8351392
318,1,6,1066.39,1,0,1,47483.47,1,rural,748.8090585
319,3,5,820.39,0,1,1,9501.99,2,rural,787.2543942
320,3,7,824.91,1,0,0,20618.16,3,rural,931.0142392
321,0,2,702.84,0,0,1,23958.43,0,rural,475.0254414
322,2,2,653.43,1,0,1,25127.72,1,rural,769.0218418
323,2,5,663.28,0,1,1,32704.18,1,rural,650.4666246
324,0,5,780.22,0,1,1,14164.11,2,rural,818.3629448
325,2,6,911.58,1,0,1,36316.9,1,urban,475.0777396
326,2,5,244.4,1,0,1,39823.7,2,rural,858.6716877
327,2,5,674.53,0,1,0,16451.23,0,urban,163.3647714
328,3,5,1019.52,1,1,1,21532.89,1,rural,760.5243042
329,1,1,515.34,0,1,1,11753.98,0,rural,460.1106084
330,1,5,584.85,0,0,0,2108.61,0,rural,440.8124498
331,4,7,900.39,1,1,0,22294.67,1,rural,883.6118169
332,4,6,829.15,1,1,0,18777.36,2,rural,833.1895497
333,2,4,814.28,0,1,0,34929.14,1,urban,418.7832479
334,1,8,895.34,1,1,0,36314.02,1,urban,532.7216015
335,2,6,911.72,1,1,1,24762.94,0,rural,845.9697556
336,4,7,770.68,1,0,0,24871.18,0,rural,714.209685
337,1,3,824.05,0,1,0,38321.36,3,rural,784.1259379
338,5,3,750.58,0,0,0,13397.44,0,rural,439.5910043
339,1,9,835.59,0,1,0,44083.19,0,rural,580.1261035
340,1,2,791.78,1,1,0,27267.91,2,rural,882.6201297
341,3,5,879.29,1,1,0,24582.51,3,urban,748.8892048
342,0,4,1116.41,0,1,1,19658.51,3,urban,585.5771094
343,2,3,698.84,0,0,0,26577.03,1,rural,442.226251
344,2,5,842.02,0,1,1,36015.54,2,rural,837.8105896
345,2,6,787.1,0,1,1,29109.56,4,urban,803.503396
346,4,3,720.31,1,0,1,22691.55,2,rural,849.2852361
347,3,5,773.66,1,0,1,35807.59,0,rural,770.5384418
348,2,2,1075.89,0,0,1,16451.71,0,urban,357.7844607
349,2,4,772.33,0,0,0,31731.94,2,rural,531.610463
350,2,5,662.58,0,1,1,22932.87,1,rural,783.0543301
351,1,8,843.47,1,1,1,33015.78,0,rural,770.5757588
352,3,6,551.32,0,1,0,40545.49,1,urban,371.2366143
353,1,5,831.82,1,1,1,28563.2,0,urban,471.8930473
354,1,4,870.57,0,1,0,10237.39,1,rural,516.0465127
355,2,7,786.06,0,1,0,35869.9,2,rural,656.3058064
356,2,9,759.64,1,1,1,19296.1,1,urban,635.9161227
357,2,6,520.46,0,1,0,38685.23,3,rural,878.2533167
358,2,7,811.63,0,1,1,47453.09,2,rural,700.2187487
359,2,5,974.83,1,1,0,18894.52,2,rural,976.3125412
360,1,5,836.06,1,0,0,24032.65,0,urban,253.1077251
361,1,5,812.24,1,1,1,19179.15,0,rural,795.716107
362,1,8,1055.17,1,1,0,15189.3,1,urban,540.8191009
363,3,11,555.62,0,0,1,52765.1,0,rural,481.3082327
364,2,10,1064.73,0,1,1,27339.04,1,urban,455.7820163
365,2,5,771.82,0,1,1,26668.29,2,rural,879.250475
366,1,6,801.99,0,1,1,22542.9,1,urban,325.9106886
367,3,6,730.36,0,1,1,19302.3,1,rural,744.2576233
368,2,6,753.22,1,1,0,15696.01,0,rural,600.6084664
369,1,4,877.23,0,1,1,33337.88,1,rural,701.0286772
370,4,5,762.6,0,0,1,12326.43,0,urban,337.6202412
371,2,5,778.5,0,1,0,26252.68,2,urban,492.8836598
372,3,7,725.84,0,1,1,18666.0,2,urban,497.5142581
373,2,1,661.54,1,1,1,40260.49,0,rural,747.1459665
374,2,4,504.24,0,1,0,25193.6,1,urban,264.9235721
375,2,4,825.94,1,0,1,27846.65,2,urban,492.5951271
376,1,3,634.29,1,1,0,38155.18,0,rural,612.9389668
377,2,2,736.14,1,1,1,36618.88,0,urban,516.7114435
378,3,1,851.93,0,0,0,16419.26,1,rural,567.0406852
379,1,7,528.29,1,1,1,34288.53,0,rural,763.6057424
380,2,4,586.48,0,1,1,28153.0,0,rural,620.7240903
381,0,6,620.29,1,0,0,31055.69,1,rural,747.975083
382,1,8,957.95,0,1,0,34888.0,2,rural,795.4947438
383,2,5,583.22,1,1,0,19597.04,1,urban,609.8191917
384,3,7,729.7,1,1,0,29004.38,0,rural,668.9365583
385,2,10,606.2,1,1,1,31577.13,1,urban,540.1462009
386,3,7,601.03,0,1,1,23941.9,1,rural,709.0986932
387,1,7,935.01,0,1,1,27243.07,2,urban,599.035737
388,2,8,652.2,1,0,0,10756.64,3,urban,530.3150711
389,3,4,743.58,0,1,1,17822.06,0,rural,503.9412205
390,1,6,889.06,0,1,1,-1576.44,1,urban,308.8392937
391,4,6,681.32,1,1,0,13481.07,1,rural,875.3330171
392,0,6,949.59,0,0,0,5200.62,3,urban,509.1269886
393,2,7,509.38,0,1,0,46025.99,0,rural,654.935881
394,2,6,888.47,1,1,0,27854.32,2,urban,592.0069616
395,2,9,747.74,0,1,0,21937.54,2,urban,372.4623946
396,2,7,770.67,0,1,0,19771.94,3,rural,727.699264
397,3,5,634.83,1,1,1,16128.76,3,urban,773.7381173
398,2,8,605.21,0,0,1,34695.89,2,rural,680.9557555
399,3,4,695.24,0,1,0,26862.82,0,rural,598.5220013
400,1,2,694.55,0,1,1,8498.6,1,rural,749.7065498
401,3,5,798.92,1,1,1,20900.09,2,rural,844.2098201
402,1,5,595.7,1,0,0,18885.43,1,rural,705.26141
403,2,7,957.28,1,1,0,18063.68,0,urban,356.9823471
404,3,5,845.62,1,0,1,28938.08,1,urban,464.2619137
405,4,8,765.55,0,1,1,17127.48,0,rural,664.0208157
406,2,3,1063.48,0,1,0,20030.28,1,rural,658.96488
407,1,6,950.08,0,1,1,19782.36,2,urban,531.746352
408,1,4,733.47,0,1,0,29943.51,2,rural,616.2416058
409,1,5,889.54,0,1,1,8708.73,2,urban,388.581916
410,2,6,931.66,1,0,1,22386.93,1,urban,618.0101314
411,1,9,879.67,0,1,0,34346.14,1,urban,329.5749611
412,1,2,768.1,0,0,0,14810.27,2,rural,658.1067631
413,3,6,891.78,1,1,0,32648.4,1,urban,506.4166424
414,2,5,742.32,1,1,1,30714.7,1,rural,904.6661343
415,1,1,965.07,0,1,1,25904.59,2,urban,396.6605482
416,0,6,686.45,1,1,0,46078.72,1,urban,645.2169791
417,1,5,961.91,1,1,0,27755.02,0,urban,462.4141799
418,2,5,1069.87,1,1,1,25057.67,0,rural,748.3173904
419,3,8,867.34,1,1,1,28403.65,1,urban,541.3948634
420,3,5,686.58,0,1,0,44804.64,0,urban,211.2372842
421,2,4,1015.45,0,1,0,24516.2,1,rural,568.6443874
422,1,2,669.69,1,1,1,24973.46,0,urban,360.5414968
423,2,3,626.42,1,1,1,19085.43,0,rural,717.4590393
424,1,3,1072.0,1,1,1,10174.71,0,rural,810.7030552
425,2,4,865.04,1,1,1,18391.27,0,rural,687.2943681
426,1,4,688.98,0,1,1,36571.26,2,rural,829.9556872
427,1,5,785.52,0,1,1,17110.12,0,rural,620.1852373
428,2,0,797.67,1,1,1,19047.93,2,urban,738.1287339
429,4,4,846.15,0,1,0,35945.14,0,rural,483.5747113
430,2,4,773.2,0,1,0,34162.2,1,rural,683.0314774
431,2,9,998.93,0,1,1,34392.57,0,rural,567.5890889
432,4,5,868.58,0,1,0,6788.84,2,urban,385.8379213
433,2,7,751.99,0,1,1,13348.51,1,urban,356.8761726
434,2,2,666.58,1,1,1,27716.53,1,urban,530.3579115
435,2,5,901.61,1,1,1,30061.2,1,rural,920.8554234
436,2,4,902.76,0,1,0,14608.19,1,rural,589.4088653
437,2,2,796.83,0,0,1,13898.86,0,rural,596.4693406
438,3,5,642.72,0,1,0,25405.56,0,urban,177.9914984
439,2,4,832.37,0,1,1,6343.89,2,urban,529.5110533
440,2,5,988.29,1,1,1,41764.78,2,rural,1053.388332
441,1,6,682.29,1,1,1,23078.73,0,urban,498.0954245
442,2,4,838.84,1,1,1,38464.04,3,rural,1022.602211
443,1,5,890.73,0,1,1,30770.24,3,rural,805.6731421
444,2,2,752.77,0,1,1,21188.82,0,urban,319.4338803
445,3,4,748.97,0,0,0,31973.67,2,rural,579.2376011
446,1,9,572.76,1,1,1,35408.69,3,rural,992.3211182
447,2,4,936.44,1,1,0,6757.32,3,rural,1002.382506
448,2,5,943.71,0,0,0,26873.88,2,urban,286.6848998
449,0,5,868.52,0,1,1,17440.95,0,urban,228.9513502
450,2,4,885.58,0,0,0,34893.47,1,urban,286.5175008
451,1,3,519.84,0,1,1,20211.03,0,urban,313.3258246
452,2,3,958.46,0,1,1,28827.97,2,rural,879.0225319
453,1,6,699.62,1,1,1,31778.47,0,rural,684.8009986
454,3,6,709.33,0,1,0,18368.07,0,urban,357.9913013
455,2,1,835.9,0,1,1,24741.96,0,urban,348.9191531
456,0,5,669.56,0,0,1,29937.32,1,urban,417.4897091
457,1,7,1090.44,0,0,0,32838.33,1,rural,686.8929503
458,1,8,535.6,1,1,1,30021.33,0,urban,583.1157672
459,3,7,771.06,1,1,1,19482.65,0,urban,475.4273047
460,2,4,1147.92,0,1,0,17006.08,1,rural,592.7914215
461,2,7,938.86,1,1,0,16126.88,2,rural,952.3731744
462,2,5,947.73,0,1,0,31293.59,1,urban,370.0732256
463,3,6,848.71,0,1,0,12959.34,0,rural,434.7184162
464,3,6,958.96,0,1,0,19078.68,2,rural,641.4128171
465,2,4,687.94,0,1,1,24203.05,1,urban,400.5461624
466,3,5,811.93,0,1,1,38603.17,0,urban,294.0904538
467,1,3,988.94,0,1,1,15642.66,1,rural,586.9327672
468,2,3,703.79,0,1,0,42236.78,0,rural,437.3865138
469,4,3,534.57,1,1,1,23102.74,2,urban,704.0986425
470,3,4,878.4,0,1,0,25774.32,1,rural,602.1315135
471,1,2,795.15,0,1,1,26411.26,1,rural,752.286137
472,3,6,693.03,1,1,1,28093.23,2,rural,934.077732
473,2,1,984.8,0,1,0,24249.31,2,rural,687.4601268
474,0,5,591.87,0,1,1,20541.51,1,rural,599.3302284
475,0,6,803.83,0,1,0,25585.89,2,rural,606.2907617
476,4,5,627.4,1,1,1,23288.42,1,rural,738.9335159
477,4,5,695.95,1,1,1,19703.61,2,rural,961.7419174
478,0,3,698.83,0,0,0,13817.63,0,urban,97.54415048
479,2,4,1106.99,0,1,0,10691.95,1,rural,587.9219078
480,1,5,702.04,0,0,0,31462.81,1,rural,486.6259769
481,3,6,695.68,0,0,1,24977.27,0,urban,175.8872951
482,-1,5,806.5,1,1,0,10799.59,0,urban,450.2527975
483,2,4,1111.85,1,1,1,30600.54,1,rural,852.0437297
484,1,3,966.98,1,1,0,13996.33,0,urban,515.2099622
485,3,7,696.91,0,0,1,14380.37,1,urban,393.295424
486,3,3,720.13,1,0,1,49294.85,2,urban,707.5992954
487,1,5,793.79,1,1,0,26738.67,1,rural,874.3112671
488,2,2,830.26,0,1,0,16432.02,1,rural,611.4857718
489,5,5,1016.56,0,1,0,31100.16,1,rural,640.2037452
490,3,5,775.72,0,1,0,18999.34,3,rural,751.7374997
491,1,2,977.21,1,1,1,20664.1,0,rural,666.6387167
492,3,1,642.96,0,1,1,13626.5,0,rural,660.1753471
493,2,6,792.67,1,0,0,46841.59,1,rural,637.1154677
494,3,3,723.66,1,1,0,8771.54,2,rural,858.9900897
495,2,5,690.67,1,1,1,39842.83,1,rural,871.4528249
496,1,5,903.23,1,1,0,20150.28,1,rural,765.7981799
497,3,8,684.81,1,1,0,24404.43,1,urban,608.3808917
498,2,3,1004.21,0,0,0,13647.46,0,urban,166.9937444
499,0,2,795.29,1,1,0,36365.17,2,urban,671.8826055
500,3,3,835.89,1,1,1,14067.73,2,urban,668.5183784
501,3,3,786.47,0,0,0,15641.6,1,rural,475.0078264
502,3,1,714.14,1,1,0,13262.51,0,rural,616.8931693
503,3,7,699.63,1,1,0,16616.36,2,rural,894.7379361
504,3,7,1130.5,0,1,0,32998.19,1,urban,423.8210781
505,1,5,929.73,1,1,1,44518.73,0,urban,502.6093068
506,1,9,834.03,1,0,1,24583.35,1,rural,820.7227302
507,2,6,674.74,1,1,0,36430.8,1,urban,486.9715659
508,2,6,733.45,0,0,1,20701.74,1,rural,714.1986266
509,0,1,974.21,0,1,1,32363.36,1,urban,447.4180752
510,3,4,941.85,1,1,1,27887.61,2,urban,658.3205735
511,3,5,732.97,0,1,1,27439.77,1,rural,652.8906719
512,1,4,663.37,0,1,0,19092.23,1,urban,393.5284601
513,0,4,699.81,0,0,1,22303.66,1,rural,688.030491
514,2,2,1136.0,1,0,0,22178.75,1,urban,550.8021215
515,4,4,1041.18,0,1,0,20060.1,0,rural,461.538505
516,3,5,773.02,0,0,1,31408.38,2,urban,378.701623
517,3,5,1084.52,1,1,0,1587.7,1,urban,456.2568712
518,1,5,790.71,0,1,1,37050.82,0,urban,363.3388403
519,4,4,516.43,1,1,0,20372.66,1,urban,467.3926921
520,3,6,1057.52,1,1,0,16420.09,1,urban,525.7221986
521,2,2,760.93,0,1,0,17974.11,1,rural,583.4380802
522,2,8,807.56,1,1,0,22984.61,0,rural,710.7783943
523,2,3,1034.6,0,1,0,28074.6,0,rural,464.5967688
524,2,5,861.43,0,0,1,28405.85,0,rural,498.6166918
525,1,5,900.45,1,0,0,15115.43,1,rural,701.7641089
526,0,6,737.19,0,1,1,17451.85,3,rural,862.0775316
527,2,4,854.11,0,1,0,25119.88,1,rural,556.3738439
528,1,3,786.13,0,1,0,28819.69,1,rural,526.4591714
529,2,5,547.37,1,1,1,16397.97,1,urban,652.8610003
530,2,3,752.63,0,1,1,16120.11,2,urban,523.8907991
531,2,4,699.42,0,1,0,24008.13,0,rural,472.7264476
532,1,4,705.27,0,0,1,32894.0,1,rural,655.0841218
533,2,5,924.54,0,1,0,15145.56,2,urban,458.8166016
534,2,6,862.53,0,1,1,36313.84,1,urban,430.6294796
535,2,7,687.45,0,1,1,19574.41,0,rural,558.7522908
536,0,5,928.69,0,1,0,26182.2,0,rural,624.6922853
537,2,8,1018.86,1,1,1,13611.22,2,rural,961.6759939
538,3,7,786.75,0,1,1,41083.05,1,rural,706.6813583
539,1,2,924.05,1,0,1,11499.93,1,urban,540.0761456
540,3,5,579.46,1,1,0,37876.75,0,rural,682.7549371
541,3,5,831.08,0,1,0,10099.02,1,urban,428.551325
542,2,4,717.39,1,1,1,19565.61,1,urban,473.206906
543,3,4,640.71,1,1,0,41718.43,1,urban,572.901644
544,4,6,691.92,1,0,1,7902.71,1,rural,745.783748
545,1,4,893.34,0,0,1,37558.92,1,urban,434.3125097
546,1,7,904.79,1,1,0,29416.5,0,rural,793.6899716
547,1,5,699.25,1,1,0,28249.71,2,rural,941.2855214
548,3,7,643.43,1,1,0,12380.29,0,rural,749.1865098
549,2,9,1113.99,1,1,0,28093.77,2,urban,609.2879406
550,1,5,735.06,0,1,0,29839.01,0,urban,356.9985167
551,1,3,808.19,0,1,0,28898.87,0,rural,508.9257612
552,1,4,755.02,0,1,1,34067.78,2,rural,696.9320827
553,0,2,764.65,1,1,0,11027.89,1,rural,839.1338896
554,1,5,571.11,0,1,1,29918.34,2,urban,561.2457488
555,1,6,986.3,0,1,1,28032.2,0,urban,434.8873127
556,2,5,726.25,1,1,0,29213.75,0,rural,791.0802607
557,0,9,856.15,0,1,0,26546.13,1,rural,555.3269443
558,3,8,698.03,0,0,0,28833.16,0,rural,539.7390272
559,1,5,846.64,1,1,1,13971.01,2,rural,962.4759404
560,3,4,679.48,0,1,0,42422.59,2,rural,775.7525413
561,3,1,767.12,1,1,0,24635.02,1,urban,511.1914351
562,3,5,650.6,0,1,0,23861.79,0,rural,543.0623118
563,3,5,758.62,0,1,0,28484.97,1,urban,282.0730577
564,2,6,849.08,0,1,1,25230.29,2,urban,551.5703553
565,2,4,784.79,0,1,1,25128.15,2,rural,709.3422097
566,3,6,733.48,0,1,0,22880.75,1,urban,289.727488
567,4,8,607.15,1,1,1,40047.03,1,rural,884.6862449
568,2,7,652.57,0,1,0,25566.98,1,rural,660.2078757
569,3,2,695.3,0,1,0,28278.67,0,rural,535.0481464
570,1,5,874.65,1,1,1,20070.34,1,rural,823.5053303
571,2,4,717.42,0,0,0,18993.48,2,rural,595.2475269
572,1,4,778.09,0,1,0,31208.61,1,rural,684.9239938
573,2,7,932.1,0,1,1,24188.14,2,urban,499.3299628
574,1,4,622.28,0,0,0,27825.25,1,urban,344.9279635
575,2,4,755.57,0,1,1,19598.82,1,rural,679.2632007
576,1,5,869.58,0,1,1,13976.87,0,rural,545.19653
577,1,4,630.91,0,0,1,29720.86,0,rural,501.4505145
578,1,5,761.19,1,0,1,31943.79,1,rural,869.5514892
579,1,3,886.07,0,1,1,22982.15,1,urban,448.3860326
580,3,7,867.73,0,1,0,23413.83,0,urban,266.5493575
581,1,4,883.64,1,1,1,39365.49,1,rural,771.8986153
582,4,5,870.48,0,1,1,38274.33,0,urban,401.553697
583,2,5,1024.0,1,1,0,23140.23,1,rural,798.8415518
584,2,5,716.73,0,1,1,51.85,1,urban,359.9484974
585,2,6,578.78,0,1,0,35741.32,2,rural,691.275315
586,1,5,602.68,0,0,1,18477.49,1,urban,364.9896195
587,0,6,892.43,1,1,1,21027.82,1,rural,727.3685723
588,3,5,1064.88,1,1,1,20596.74,0,rural,767.093111
589,0,4,963.1,1,1,0,20828.59,3,rural,986.6975166
590,1,5,824.09,0,1,1,32799.66,0,rural,589.5633109
591,1,5,1032.83,1,1,1,34453.53,1,rural,787.5294336
592,3,4,675.74,1,1,0,21394.01,1,rural,869.2543121
593,1,3,956.4,1,1,0,13342.48,2,urban,506.0592641
594,2,9,835.64,0,1,0,19603.28,0,rural,488.1886059
595,1,5,689.15,0,1,1,30570.0,2,rural,841.1148197
596,2,5,875.28,0,1,0,28512.28,2,rural,699.819949
597,3,2,750.75,0,1,1,17242.08,1,rural,592.2714082
598,3,6,751.4,0,0,1,21288.94,2,rural,805.8326737
599,2,2,852.38,0,1,0,25600.11,2,urban,395.8549112
600,1,4,677.17,0,0,0,22290.57,2,rural,572.6231332
601,3,3,1027.08,0,0,0,13333.28,1,urban,218.0463638
602,2,1,967.37,0,1,0,28745.23,2,rural,672.1716595
603,1,4,688.61,1,1,0,4994.76,0,rural,763.9650128
604,3,6,770.58,0,0,0,11919.18,1,rural,618.7553799
605,0,3,649.56,1,1,0,24884.65,0,rural,653.0106592
606,2,4,811.69,0,1,1,39518.02,2,urban,499.1541336
607,2,4,766.01,1,1,1,16610.41,0,rural,729.8771486
608,4,6,893.72,0,1,1,24822.96,0,urban,376.4520199
609,2,5,750.74,0,1,0,29119.48,1,rural,566.9710993
610,1,5,841.03,1,1,0,28153.11,3,urban,799.1545397
611,2,4,1015.02,0,1,0,37069.58,0,rural,554.2658183
612,2,8,825.89,1,1,0,31592.5,0,rural,754.729268
613,2,5,753.92,0,1,1,13236.41,1,rural,687.4220662
614,0,7,703.67,0,1,1,26051.29,1,rural,686.8261898
615,3,8,711.82,0,1,1,19788.33,1,rural,678.4015618
616,4,3,732.57,0,0,1,23679.47,0,rural,560.2871201
617,3,2,864.51,0,1,1,25012.42,0,rural,480.8326846
618,3,4,724.01,0,0,0,34647.94,1,rural,517.1574095
619,3,0,747.69,0,1,1,26251.25,2,rural,758.3134216
620,4,5,757.58,0,1,0,18735.41,3,rural,715.2620444
621,2,6,669.82,1,1,1,13241.11,1,rural,827.0572264
622,2,4,511.18,0,0,1,24732.64,0,rural,412.9688218
623,1,5,390.65,1,1,1,21047.34,3,rural,984.0387802
624,3,6,665.16,1,1,0,19141.79,1,rural,738.4249718
625,2,7,944.15,0,1,0,49063.95,1,rural,610.7776416
626,1,3,443.63,0,1,1,20706.53,1,rural,715.6422847
627,1,2,684.1,1,1,0,28602.42,1,urban,504.7278098
628,2,8,682.47,0,1,0,28083.17,1,rural,536.4161256
629,3,2,729.58,0,1,1,24148.75,3,rural,935.0084535
630,2,4,1033.89,0,1,1,33497.88,1,rural,733.9495611
631,1,5,525.89,0,1,0,31088.66,1,urban,347.7321872
632,-1,8,696.99,0,1,1,13396.89,0,urban,322.3817726
633,3,3,761.02,0,0,1,35086.09,1,rural,520.6575629
634,2,7,746.7,0,1,0,16581.48,0,urban,300.4335454
635,1,6,694.81,0,1,1,31686.0,2,urban,566.6484087
636,2,6,761.41,1,0,1,34722.1,1,urban,417.9645682
637,3,0,724.04,1,1,0,30385.25,1,rural,804.8891237
638,4,5,545.39,1,1,0,20700.19,0,urban,353.2666057
639,4,6,835.63,0,1,0,11469.2,2,rural,718.2225636
640,1,2,1004.55,0,1,1,18973.76,1,urban,361.3138823
641,3,3,776.97,0,0,1,27194.27,2,rural,593.6745546
642,4,9,770.0,0,1,1,26072.34,0,rural,621.9227847
643,1,4,834.24,0,1,1,31470.86,1,rural,775.9264744
644,0,5,543.82,0,1,0,21678.79,2,urban,475.8695502
645,2,4,863.94,0,1,1,28760.84,3,rural,922.5504972
646,1,9,1040.6,0,1,1,27620.24,0,urban,446.45579
647,2,4,989.18,0,0,1,12491.63,0,rural,605.2095038
648,3,5,615.59,1,0,1,27163.95,1,urban,504.4878011
649,1,4,706.03,1,1,0,24016.9,2,urban,630.1971374
650,3,8,867.52,1,1,1,20593.2,0,urban,583.7230559
651,4,4,724.42,1,1,1,29061.4,1,rural,869.8259693
652,3,6,771.15,0,1,0,13999.58,2,urban,362.149647
653,1,2,883.09,1,1,1,21622.9,1,rural,842.963205
654,2,6,874.2,0,0,0,36903.03,1,urban,396.8999552
655,2,7,889.54,1,1,0,41049.77,0,urban,416.7785561
656,1,3,644.34,0,1,0,29411.13,1,urban,349.3330573
657,3,6,723.02,0,0,1,25843.01,0,urban,244.0172693
658,3,-1,673.71,0,1,1,30987.64,0,rural,510.6912092
659,3,7,832.49,0,1,0,10054.41,1,urban,366.9861294
660,1,6,896.52,1,1,1,10853.42,0,rural,768.9255618
661,3,1,773.71,0,0,1,16025.37,0,rural,405.2861068
662,2,2,872.1,0,1,1,14693.76,2,rural,695.5033362
663,4,4,751.46,0,1,0,29637.91,2,rural,720.9022472
664,3,3,1118.29,0,1,0,5037.37,1,rural,606.0078796
665,3,3,1007.11,1,1,0,16240.07,1,rural,779.3499658
666,2,4,680.77,0,1,0,33587.08,1,rural,519.901034
667,1,7,804.29,0,1,0,33096.67,1,rural,720.5930273
668,2,9,996.07,1,1,0,23587.13,3,urban,744.9913096
669,2,2,767.13,1,1,1,25828.96,1,urban,552.0702558
670,3,5,1189.12,0,1,0,23070.28,0,rural,473.8204534
671,3,8,998.26,0,1,0,13845.18,1,rural,717.6134248
672,2,4,890.88,1,1,0,42381.17,1,urban,490.8506047
673,2,3,541.84,0,1,0,1220.02,2,rural,748.3442502
674,2,4,871.99,0,0,1,34261.62,1,urban,397.3597228
675,1,6,537.8,1,0,1,14009.7,4,rural,1083.726891
676,1,5,813.13,0,1,0,21015.26,2,rural,640.9150403
677,2,7,842.86,0,1,1,19564.25,1,rural,602.1022346
678,2,3,971.81,1,1,1,34339.53,3,urban,821.8827095
679,0,3,872.07,0,1,0,27389.26,2,rural,641.3209105
680,1,6,769.82,0,1,0,32041.19,0,rural,557.4036778
681,3,8,640.76,1,1,0,18882.26,0,rural,748.3323293
682,1,6,1129.49,0,1,0,25438.6,3,rural,862.0787587
683,1,6,523.18,0,1,1,13750.91,0,rural,474.0016832
684,2,5,842.97,0,1,0,16908.09,3,rural,806.4929143
685,1,4,605.37,0,0,0,20308.74,1,urban,343.1304848
686,1,6,889.07,0,1,0,17023.78,0,urban,307.2322844
687,2,7,1002.39,1,1,1,24347.73,2,rural,930.4058197
688,3,10,875.56,0,0,1,24743.19,1,rural,682.6718095
689,2,5,633.56,1,1,1,28722.73,0,urban,553.7611718
690,1,7,691.1,1,1,0,25467.6,1,rural,855.5163868
691,2,5,806.86,0,1,0,25091.68,3,rural,800.4168675
692,1,5,853.32,1,1,1,42468.81,2,rural,969.2387888
693,2,2,700.66,0,1,0,20510.12,0,rural,553.7077885
694,2,4,984.69,0,0,0,37668.45,0,rural,392.8620063
695,3,6,679.75,1,0,0,14771.53,3,rural,887.116791
696,1,6,865.22,1,1,1,15528.65,0,urban,584.4865908
697,1,4,840.52,0,0,0,41247.78,2,rural,642.7807314
698,1,4,613.78,0,1,0,27295.77,2,rural,637.6792316
699,3,3,905.05,1,0,1,45935.96,1,rural,786.9905334
700,2,7,1047.0,0,1,1,3359.25,0,rural,563.1202692
701,1,2,1091.52,0,0,0,38467.38,2,rural,599.9171244
702,1,6,558.97,0,1,1,26922.51,2,rural,867.2113868
703,1,6,1119.47,0,1,1,16472.94,1,rural,719.1523913
704,0,2,573.02,0,1,0,26570.86,1,rural,541.1080977
705,0,4,1109.07,0,1,0,27082.45,2,rural,779.8866628
706,1,6,849.33,0,0,1,21189.48,3,urban,487.251743
707,2,6,799.96,1,1,1,32253.73,1,rural,805.9709803
708,3,5,777.46,1,1,0,20678.7,1,urban,452.2171764
709,2,2,984.38,0,1,0,30375.05,2,urban,505.7858724
710,2,4,888.96,0,1,0,22313.49,0,rural,635.0349124
711,1,6,847.09,0,1,1,30523.26,2,urban,526.1979671
712,3,7,579.13,0,1,1,18816.96,2,urban,587.9931666
713,2,4,768.52,1,0,0,12245.13,0,rural,594.5649672
714,1,5,862.96,0,1,1,30335.85,0,urban,235.0878886
715,2,5,648.93,0,1,0,25351.52,1,rural,732.5346668
716,3,5,894.94,0,1,1,44634.72,0,rural,636.1297173
717,2,5,961.45,1,1,0,13474.32,0,urban,427.6573919
718,3,6,877.3,1,1,0,21952.31,2,rural,810.6254768
719,2,1,834.1,0,1,0,20873.18,0,rural,428.8262919
720,1,5,680.21,0,1,0,30484.49,0,rural,495.1803516
721,3,6,785.44,1,1,0,33992.03,0,urban,510.1875934
722,3,6,844.47,0,1,0,18796.71,0,rural,450.4369418
723,0,5,715.93,0,1,1,20897.96,1,rural,647.9434861
724,3,1,741.72,0,0,0,30486.35,3,urban,540.5141363
725,1,6,1056.3,0,1,0,33057.16,2,rural,650.9976783
726,2,2,775.24,1,0,0,34972.12,1,rural,635.2988026
727,3,6,681.24,0,1,1,16854.39,1,urban,387.5938265
728,3,7,944.98,1,1,1,23591.03,1,rural,805.4482994
729,2,4,1128.0,0,1,1,37439.39,1,rural,644.1445341
730,2,6,809.14,0,1,0,11989.09,1,rural,574.6268913
731,2,7,847.06,1,1,0,31317.85,1,urban,645.181718
732,2,2,924.05,1,0,0,37.78,0,rural,669.4731768
733,0,4,638.7,0,0,1,22741.98,1,rural,606.5647402
734,3,3,677.62,1,1,0,16189.31,2,urban,702.7783759
735,1,6,789.43,0,1,1,45243.6,0,rural,693.8246471
736,1,6,1113.17,0,1,0,22116.9,2,urban,404.0829903
737,2,2,745.55,0,0,1,14794.44,0,rural,408.8352928
738,3,4,485.29,1,0,0,25695.76,1,urban,446.9125902
739,2,6,968.84,0,1,1,9788.09,1,rural,768.370068
740,1,6,866.08,1,1,0,12959.37,1,rural,781.5239133
741,3,10,496.23,0,1,0,15633.05,1,urban,455.0492404
742,1,8,666.17,0,1,1,50110.52,2,rural,742.3798151
743,2,5,503.2,1,1,0,21514.42,2,rural,902.630464
744,1,2,845.99,0,1,0,18394.7,0,rural,571.0398786
745,2,6,756.78,1,0,0,25382.09,0,urban,323.9576779
746,2,4,693.64,1,1,0,22786.52,1,rural,821.4638294
747,3,6,1005.53,1,1,0,28894.24,3,rural,917.2148836
748,3,4,882.3,1,1,1,22055.03,0,rural,825.7049777
749,2,3,876.92,0,1,0,35764.37,1,rural,581.4853804
750,1,6,701.75,0,1,0,17440.23,0,urban,289.2376328
751,3,4,784.66,1,1,0,22990.62,1,urban,413.4531972
752,2,3,808.05,0,1,1,11855.19,0,rural,503.4281079
753,2,3,653.71,1,1,0,32657.08,0,urban,486.0989181
754,3,1,593.11,1,0,0,36125.38,0,urban,412.1831905
755,2,6,503.58,0,1,0,25547.56,3,urban,509.1694236
756,3,10,885.17,1,1,0,40972.21,1,urban,505.9184372
757,2,4,724.91,0,0,1,15450.67,0,rural,532.1316101
758,3,6,510.57,0,1,1,25751.31,2,urban,545.4339181
759,1,4,739.46,1,1,0,37974.81,3,urban,785.6461325
760,2,5,659.68,0,0,1,27161.28,1,rural,587.5861556
761,0,4,591.84,0,1,0,26173.34,1,urban,305.36883
762,4,7,877.12,0,1,0,38695.89,1,urban,342.700941
763,3,4,854.5,0,1,1,-1177.42,2,rural,694.5358411
764,2,6,824.3,0,1,0,33636.63,1,rural,692.4349936
765,2,6,862.32,1,0,0,36173.24,1,rural,765.0175452
766,0,7,775.05,1,0,1,19339.03,1,urban,594.2070431
767,3,5,717.65,1,1,0,35729.31,0,urban,416.2992859
768,1,-1,803.67,0,1,1,25087.46,0,rural,484.601514
769,4,3,812.58,0,1,1,28523.47,0,rural,523.1900482
770,2,1,1010.53,1,0,0,22346.64,2,urban,567.0330186
771,2,6,657.46,0,0,0,40556.07,3,rural,725.7340411
772,4,4,813.22,0,1,1,17441.35,0,rural,535.8048141
773,2,4,749.95,0,1,0,48985.24,2,urban,474.3424201
774,1,7,867.51,0,1,0,34397.74,1,rural,654.6911119
775,3,4,603.76,0,0,1,27143.19,0,rural,437.6546558
776,2,4,780.69,1,1,0,13472.99,2,rural,921.675717
777,1,7,889.51,0,1,1,42581.85,2,rural,771.331685
778,4,6,956.65,1,0,1,22290.71,1,rural,713.9166273
779,3,3,767.03,0,1,1,13983.43,0,rural,670.8911292
780,3,6,844.71,1,1,1,31825.02,1,rural,818.0911026
781,1,5,1047.23,0,1,0,22144.56,0,rural,508.1793159
782,2,6,665.98,0,0,0,20282.97,0,rural,452.3685386
783,2,8,761.85,0,1,1,7716.81,3,rural,800.3552675
784,2,4,923.94,0,1,0,35159.91,2,urban,488.4036544
785,3,6,832.32,1,1,1,18419.07,0,urban,475.0273456
786,3,8,946.75,0,1,0,15911.63,1,rural,729.5291273
787,4,6,838.62,0,1,0,31661.56,0,urban,267.7779516
788,3,4,895.81,0,1,0,21977.73,2,rural,796.9563827
789,4,4,996.57,0,0,0,26294.83,0,rural,376.6231262
790,4,5,657.8,1,0,1,27780.65,1,urban,489.3365077
791,2,9,990.99,1,1,0,22734.82,2,urban,690.3913356
792,2,4,599.81,0,0,0,13762.18,1,urban,264.2898436
793,0,8,811.26,0,1,0,20312.57,1,rural,741.8148937
794,1,3,991.18,1,1,0,6049.17,0,urban,458.243049
795,2,10,858.17,1,0,0,13232.88,1,urban,438.8596761
796,1,9,873.78,0,0,0,12998.57,0,urban,262.134934
797,3,5,801.2,0,0,1,37571.74,0,urban,345.5484398
798,2,5,802.11,0,1,0,10244.49,2,rural,712.4547407
799,1,4,663.42,1,0,1,51774.67,2,rural,894.5040945
800,2,6,748.92,0,0,1,16826.39,1,rural,624.7858461
801,2,4,759.56,0,1,1,17279.51,1,rural,668.4312013
802,2,5,975.06,0,1,1,14725.77,0,urban,411.2190052
803,0,10,659.02,0,0,0,9712.83,0,rural,408.7602831
804,3,5,802.68,0,0,0,27474.05,1,rural,490.6354472
805,2,5,641.03,0,1,0,24266.75,0,rural,503.5726532
806,3,5,901.75,1,0,0,33231.86,1,urban,509.7194672
807,4,5,599.01,0,0,0,28939.04,2,urban,432.1356836
808,1,3,878.66,0,1,0,36984.67,0,urban,273.1460201
809,0,7,937.42,1,0,1,17018.37,0,rural,706.5868973
810,3,7,669.21,0,0,0,7597.14,2,rural,720.9411431
811,2,1,901.34,0,1,0,39718.99,1,urban,303.2398657
812,2,6,828.78,0,1,0,16265.12,1,rural,613.4348304
813,1,2,972.73,1,0,1,28861.85,0,rural,680.8111229
814,2,3,693.11,0,1,0,25254.15,2,urban,481.9605295
815,2,6,881.52,0,1,1,20805.04,1,rural,621.9581262
816,1,4,747.96,0,0,0,32192.83,1,urban,209.1575056
817,1,5,781.8,1,1,0,5681.86,0,urban,329.7516594
818,1,4,897.21,0,0,0,32319.97,2,rural,550.9329231
819,1,4,926.78,0,1,1,33504.17,0,rural,616.5942508
820,3,3,901.47,1,1,1,19740.48,1,rural,720.7078792
821,2,5,838.58,0,1,1,25174.6,0,rural,643.2787613
822,2,7,801.08,0,1,0,25772.23,3,rural,739.2765584
823,4,3,770.08,0,1,0,22386.58,2,rural,714.0825767
824,1,7,744.79,1,0,1,21717.13,2,rural,740.654246
825,5,6,862.18,1,1,1,42080.48,0,rural,873.3151082
826,2,1,594.97,0,0,0,19945.75,1,rural,432.0564968
827,2,6,581.92,1,1,1,31671.12,0,rural,701.5860156
828,3,5,828.86,0,1,1,32097.76,0,urban,429.8587308
829,1,4,664.27,0,1,0,37591.87,2,rural,760.3848419
830,3,5,980.25,0,1,1,9111.69,2,urban,442.2453194
831,3,3,733.35,1,1,0,23763.85,0,rural,714.2249699
832,1,4,793.23,0,0,0,32791.1,0,urban,152.8064994
833,2,-1,594.82,0,1,0,34875.33,1,rural,558.6983552
834,3,6,882.81,0,1,0,13983.82,1,rural,559.1317316
835,1,5,993.6,0,1,0,18839.05,0,rural,491.2677888
836,4,0,856.25,1,0,0,24394.06,2,rural,708.0228553
837,3,8,947.1,1,1,0,33000.41,1,urban,525.4912471
838,1,5,755.23,0,1,0,27605.69,1,urban,442.6147902
839,1,4,952.53,0,1,1,21533.11,1,rural,600.6304808
840,0,3,906.35,0,1,0,13662.8,2,urban,451.4238351
841,2,2,516.37,0,1,0,20040.11,2,urban,530.8667089
842,4,3,906.07,1,1,0,31143.81,0,urban,350.6889098
843,1,2,828.02,0,1,1,32351.24,0,rural,567.7590954
844,2,2,1000.18,0,1,1,19160.32,2,rural,831.5319977
845,3,1,940.05,0,1,1,24975.39,2,urban,588.2533207
846,3,3,802.81,0,0,0,25520.17,2,rural,541.0411806
847,3,0,1175.71,1,1,1,40163.85,0,rural,850.6174256
848,3,3,918.63,0,1,1,16998.43,3,urban,516.1371736
849,1,5,587.69,0,1,0,20956.92,1,urban,361.0301742
850,2,4,949.02,1,1,1,15645.13,2,rural,908.4111717
851,3,5,912.62,1,1,0,19487.56,2,rural,948.1244137
852,1,5,567.83,1,1,0,34357.78,1,urban,416.0863173
853,3,5,852.77,1,0,0,42164.38,1,urban,428.5338743
854,3,5,808.27,0,1,1,42973.79,3,rural,872.3510953
855,2,5,630.08,1,1,0,22784.23,0,rural,609.2283984
856,2,5,1113.18,0,1,1,27659.79,3,urban,601.3236612
857,3,5,785.79,1,1,1,33916.8,0,rural,691.4960226
858,1,2,854.04,1,1,1,8560.56,0,urban,387.2025774
859,1,5,667.43,0,1,0,16639.28,1,rural,651.8485741
860,0,7,478.33,0,1,1,19062.14,0,rural,502.3623706
861,2,5,701.43,1,1,1,12857.82,0,urban,366.9756201
862,2,5,1000.44,0,1,0,28649.43,1,urban,285.7052733
863,3,4,887.57,0,1,0,23856.6,0,rural,601.7798412
864,2,6,637.27,0,0,0,28094.45,0,rural,485.9354521
865,3,4,733.62,0,1,1,30381.49,2,rural,749.1383063
866,3,5,761.19,0,0,1,33356.46,2,urban,537.5937521
867,2,7,840.13,0,1,1,35397.42,2,rural,761.2642415
868,2,5,739.0,1,0,1,23731.51,0,urban,368.2610223
869,2,6,488.35,0,0,1,12436.41,1,rural,580.2561579
870,0,3,1024.82,0,1,1,28876.67,1,rural,613.7702422
871,2,6,965.2,0,1,0,33363.39,1,rural,745.8097632
872,0,5,968.65,1,1,1,47904.37,3,rural,1094.762145
873,3,6,838.25,0,1,1,22592.39,0,rural,651.2505703
874,1,3,610.17,0,1,0,28660.04,1,rural,529.752567
875,3,7,532.29,0,1,1,20281.78,0,urban,339.4661728
876,1,6,984.05,1,0,1,9627.81,1,urban,565.4874221
877,3,4,873.78,0,1,1,5565.5,0,urban,299.9922367
878,2,4,777.78,0,1,0,25425.08,2,rural,679.6670644
879,2,6,705.26,1,1,0,22377.23,2,rural,804.4602565
880,3,3,647.53,0,1,1,33074.14,3,urban,527.2751089
881,2,3,952.8,0,1,1,39609.7,2,rural,856.2314301
882,1,6,622.23,1,1,0,27623.69,0,rural,680.8628705
883,1,7,970.66,0,1,1,26338.22,3,rural,802.164383
884,0,6,918.08,0,1,0,19449.26,0,urban,225.8297233
885,1,1,808.88,1,0,0,19741.17,2,rural,813.7427877
886,2,4,755.45,0,0,1,31312.08,2,urban,531.6564844
887,2,8,626.27,0,1,0,4577.68,3,urban,533.2605305
888,2,5,563.0,0,0,0,34857.7,1,rural,501.5592067
889,0,6,817.24,1,1,0,23889.94,2,rural,913.1323358
890,1,6,896.96,0,1,1,11184.97,1,rural,708.0589312
891,3,7,874.27,0,1,0,31211.12,0,rural,642.4982494
892,2,6,1034.24,1,1,1,7775.47,1,rural,823.7567113
893,1,5,898.03,1,1,0,11325.19,3,rural,1030.525958
894,1,6,880.51,1,1,1,32511.01,2,rural,987.8537637
895,1,4,905.65,0,1,0,56355.95,2,urban,576.9982862
896,3,5,646.24,1,1,1,19332.0,3,urban,849.4272911
897,3,7,673.25,0,0,0,20910.94,2,rural,619.8681172
898,1,6,702.43,1,0,0,24957.63,2,rural,874.6551407
899,2,5,778.53,0,1,0,28011.26,0,rural,471.6859469
900,3,2,603.58,0,1,0,28243.32,0,urban,224.5919176
901,3,1,1077.31,0,1,1,8382.92,1,rural,649.7085257
902,0,5,868.31,1,0,0,31608.86,0,urban,271.6913989
903,2,9,746.65,0,1,1,23299.5,2,rural,820.8426313
904,0,6,925.72,0,1,0,30721.85,0,urban,348.1411043
905,2,9,674.48,1,1,1,27319.21,2,rural,905.8731672
906,2,6,905.64,1,1,0,28407.03,0,rural,641.2404715
907,0,5,999.06,0,1,0,30210.45,1,rural,732.9088264
908,3,4,854.33,0,1,0,18918.92,3,rural,787.4450969
909,2,5,813.5,0,1,0,33164.3,1,rural,596.5393003
910,3,4,505.88,0,0,1,24826.06,3,urban,620.8044324
911,2,4,761.86,0,1,1,7353.41,0,urban,364.9502191
912,2,2,767.74,1,1,0,17477.31,3,urban,716.031236
913,2,1,752.08,1,1,0,30477.09,1,urban,546.5076831
914,2,7,1025.06,1,0,1,17823.67,1,urban,609.1034722
915,3,6,753.75,1,1,1,11728.32,4,rural,1102.994109
916,1,5,861.68,1,1,0,35897.48,1,urban,544.2242352
917,1,3,811.09,0,1,1,36398.05,1,urban,522.8355157
918,2,6,901.94,1,1,1,33624.6,2,urban,688.1587974
919,2,9,983.6,1,1,0,26546.3,2,urban,598.14145
920,0,7,926.45,1,0,1,27785.45,2,rural,774.0506127
921,2,3,513.97,1,0,0,24447.93,2,urban,482.3048555
922,2,6,742.55,1,1,1,25114.88,1,urban,599.9276294
923,3,6,767.65,0,1,0,35282.36,2,urban,524.3016383
924,3,5,711.94,0,1,0,18470.96,1,rural,716.9022033
925,3,6,847.1,1,1,0,32952.39,0,rural,693.158645
926,3,5,698.63,0,1,1,26337.36,1,rural,731.2069996
927,4,4,729.31,0,1,1,10395.27,0,urban,305.9995691
928,1,5,1023.66,0,1,0,12826.64,1,rural,721.5493629
929,1,3,802.89,1,1,0,21307.33,1,rural,765.879138
930,1,8,841.62,1,1,0,23764.01,2,urban,603.7833777
931,2,5,879.25,0,0,1,12596.85,0,urban,272.7913879
932,2,5,367.73,0,0,0,14814.95,0,urban,87.8518497
933,2,3,457.71,0,1,0,10398.38,2,urban,456.7958156
934,3,4,1025.59,0,1,1,41559.87,0,urban,272.5741732
935,2,2,639.22,0,1,0,29826.67,1,rural,560.0940142
936,3,5,912.02,1,1,0,33736.56,0,urban,353.0244501
937,3,6,1112.99,0,1,1,15430.48,0,urban,446.559878
938,0,10,1019.64,0,1,0,6031.98,2,rural,819.6897325
939,2,0,708.78,0,1,1,24223.22,2,rural,693.0780987
940,2,4,841.29,1,1,0,6165.27,2,urban,546.7350103
941,2,4,758.89,1,1,0,12919.84,1,urban,576.2154416
942,1,5,668.13,1,1,0,15481.44,1,rural,658.3791723
943,4,5,470.52,0,1,0,22726.77,2,rural,671.1305381
944,2,4,953.72,0,1,0,27690.35,1,rural,555.6780785
945,3,0,772.57,1,1,1,12317.68,0,rural,816.3237989
946,2,6,780.34,0,1,1,41016.55,1,urban,411.9113289
947,3,8,1024.32,0,1,0,29350.88,2,rural,760.0749706
948,1,4,1025.35,1,1,1,12059.17,1,urban,675.4361882
949,0,5,795.34,1,1,0,22724.75,2,urban,678.2539839
950,2,5,945.22,1,1,1,13217.15,2,rural,815.1687753
951,1,4,912.46,1,1,0,26579.64,2,rural,976.1715232
952,2,7,697.37,0,1,1,18812.34,1,rural,634.8459632
953,2,8,983.43,0,0,1,22657.68,4,urban,529.1219825
954,2,2,819.78,1,1,0,21991.53,0,rural,636.8844293
955,2,5,678.51,0,1,1,14150.45,1,urban,395.4033332
956,2,3,527.7,0,1,0,43204.74,1,rural,575.0037374
957,2,9,863.06,1,1,1,22622.14,1,rural,812.9828301
958,3,5,692.49,1,1,1,39477.18,1,urban,690.1026345
959,2,5,670.01,1,1,1,36959.48,1,urban,539.030565
960,3,7,710.0,1,1,1,19662.06,0,urban,547.8579188
961,2,5,954.01,0,0,1,27990.39,0,urban,270.2592943
962,2,6,631.54,0,1,1,32046.17,2,rural,821.5718157
963,2,6,783.75,1,1,1,8970.35,0,rural,768.0457556
964,0,7,602.31,0,0,1,9072.79,1,urban,418.4443299
965,3,0,1060.11,0,1,1,33817.84,1,rural,656.168438
966,2,2,762.18,1,1,0,35141.26,2,rural,786.3179031
967,3,8,824.74,1,1,1,23400.22,1,urban,682.4282341
968,3,4,615.35,0,1,0,33954.6,2,rural,725.9703135
969,2,6,996.64,0,0,0,21220.11,0,rural,495.153671
970,2,3,903.62,1,1,1,38243.86,0,rural,793.3423112
971,2,5,686.9,1,1,0,29489.46,2,rural,937.6211463
972,2,4,976.34,0,0,0,3507.86,1,rural,477.7614788
973,2,7,729.12,0,1,0,29066.2,0,rural,655.2151632
974,3,3,829.61,0,1,0,29728.82,1,rural,568.0921031
975,1,8,909.63,1,1,1,10084.09,1,rural,853.4426696
976,2,8,748.83,0,0,0,12819.36,2,urban,329.4553246
977,2,2,1025.77,0,1,1,24293.56,2,urban,476.6830107
978,4,7,1049.08,1,1,0,33978.15,0,rural,796.1320637
979,2,7,818.59,1,0,0,32710.94,0,rural,542.129924
980,1,7,998.02,1,1,0,11903.62,2,rural,814.3627199
981,0,5,787.6,0,1,0,26472.36,2,rural,659.0702207
982,3,4,671.4,0,1,1,30461.42,0,urban,313.4620194
983,2,4,925.83,0,1,0,36063.58,2,urban,474.6952299
984,2,4,721.09,0,1,0,37586.7,1,urban,478.1037958
985,3,5,621.65,0,1,0,36867.11,1,rural,688.1521363
986,3,5,904.32,0,1,1,22728.0,1,urban,538.103211
987,2,3,734.66,0,1,0,15053.63,1,rural,517.9757247
988,1,5,652.64,1,1,1,35364.15,1,rural,784.2329099
989,3,4,944.11,1,1,0,33446.94,1,rural,898.5794256
990,1,6,678.34,0,0,1,39175.03,0,rural,615.4819559
991,2,7,666.42,0,1,1,13412.74,0,urban,332.5594177
992,1,4,602.24,1,1,0,43077.89,1,rural,721.6156407
993,3,4,872.51,0,1,1,13887.45,0,rural,495.8442857
994,2,6,816.3,0,1,1,39795.94,1,urban,528.4521069
995,3,0,991.31,0,1,0,12687.26,1,rural,655.8701112
996,2,5,847.97,0,1,0,39502.92,0,urban,354.4726932
997,2,4,660.94,1,0,0,10145.17,0,rural,568.6605495
998,1,1,814.75,0,1,1,15535.05,0,rural,653.4233136
999,1,6,835.43,0,0,0,22204.0,0,rural,537.8010046
